{
  "stations": 
  {
    "a1": 
    {
      "position": 
      {
        "x": 0.0,
        "y": 0.0,
        "z": 0.0
      },
      "orientation": 
      {
        "x": 0.0,
        "y": 0.0,
        "z": 0.0,
        "w": 1.0
      },
      "config": 
      {
        "type": "conveyor",
        "reverse_dist" : -0.5
      }
    },
    "b1": 
    {
      "position": 
      {
        "x": 1.0,
        "y": 0.0,
        "z": 0.0
      },
      "orientation": 
      {
        "x": 0.0,
        "y": 0.0,
        "z": 0.0,
        "w": 1.0
      },
      "config": 
      {
        "type": null,
        "reverse_dist" : null
      }
    },
    "c1": 
    {
      "position": 
      {
        "x": 0.0,
        "y": 1.0,
        "z": 0.0
      },
      "orientation": 
      {
        "x": 0.0,
        "y": 0.0,
        "z": 0.0,
        "w": 1.0
      },
      "config": 
      {
        "type": null ,
        "reverse_dist" :null
      }
    }
  }
}