<!--
Copyright (c) 2024, Stogl Robotics Consulting UG (haftungsbeschränkt)

Licensed under the Apache License, Version 2.0 (the "License");
you may not use this file except in compliance with the License.
You may obtain a copy of the License at

    http://www.apache.org/licenses/LICENSE-2.0

Unless required by applicable law or agreed to in writing, software
distributed under the License is distributed on an "AS IS" BASIS,
WITHOUT WARRANTIES OR CONDITIONS OF ANY KIND, either express or implied.
See the License for the specific language governing permissions and
limitations under the License.


Source of this file are templates in https://github.com/StoglRobotics/ros_team_workspace repository.
-->

<launch>
  <arg name="description_package"
       default="sick_safetyscanners2"
       description="Package for ros2 Sick_Safetyscanners Driver."/>
  <arg name="prefix"
       default=""
       description="Prefix of the joint names, useful for multi-robot setup. If changed than also joint names in the controllers' configuration have to be updated."/>
  <arg name="mounting_kit"
       default="true"
       description="Specifies whether the sensor is mounted on the SICK Mounting Kit 2a."/>

  <let name="robot_description_content" value="$(command '$(find-exec xacro) $(find-pkg-share $(var description_package))/description/urdf/nanoscan3.urdf.xacro prefix:=$(var prefix) mounting_kit:=$(var mounting_kit)')" />

  <node pkg="robot_state_publisher" exec="robot_state_publisher" output="both">
    <param name="robot_description" value="$(var robot_description_content)" />
  </node>

  <node pkg="rviz2" exec="rviz2" output="log" args="-d $(find-pkg-share $(var description_package))/rviz/nanoscan3.rviz"/>
</launch>
